diputado,buscar,fecha_declaracion,urbanos,rusticos,inmuebles_propios,inmuebles_sociedad,revisado,nota
Idoya Sagastizabal Uncetabarrenechea,sagastizabal,2023-08-16,1,20,"1 vivienda (caserío) en Bizkaia, mitad comprada en 2007 y mitad recibida en donación en 2008; 18 parcelas rústicas en el polígono 3 de Bizkaia, compradas en 2007 o recibidas en donación en 2008; 2 parcelas rústicas en el polígono 2 de Bizkaia, donación 2008",,2026-10-03,"El caserío figura en dos filas, cada una con la mitad (compra de 2007 y donación de 2008), y se cuenta una vez. Las filas de parcelas citan 27 referencias, pero las parcelas 64, 65, 69, 76 y 83 del polígono 3 salen en las dos (compra y donación): son 18 parcelas distintas en el polígono 3 y 2 en el polígono 2."
Esperanza Reynal Reillo,reynal,2024-01-18,5,3,"1 vivienda en Valencia, pleno dominio, compraventa 1996; 1 vivienda en El Saler (Valencia), pleno dominio, compraventa 2014; 1 vivienda en Alcàsser (Valencia), 50%, donación 2013; 1 vivienda en Yátova (Valencia), 50%, donación 2013; 1 inmueble en propiedad horizontal en Alcàsser (Valencia), 50%, donación 2013; 3 terrenos rústicos en Alcàsser (Valencia), 50%, donación 2013",,2026-10-03,Declaración de enero de 2024 presentada por «otra causa»; se toma completa porque no dice que solo recoja cambios. La propiedad horizontal no indica qué tipo de inmueble es.
Joaquín Martínez Salmerón,martinez salmeron,2023-08-09,9,1,"1 vivienda en Murcia, pleno dominio, compraventa 2010; 3 plazas de garaje en Murcia, pleno dominio, compraventa 2010; 1 apartamento en Murcia, pleno dominio, compraventa 2016; 1 plaza de garaje en Murcia, pleno dominio, compraventa 2016; 1 vivienda en Cieza (Murcia), pleno dominio, compraventa 1999; 2 plazas de garaje en Cieza (Murcia), pleno dominio, compraventa 1999; 1 finca rústica con residencias diseminadas en Cieza (Murcia), 50%, compraventa 2003","3 apartamentos en Murcia de Martínez & Salmerón Abogados SLP, compras de 2010, 2019 y 2020; 3 plazas de garaje en Murcia de Martínez & Salmerón Abogados SLP, compras de 2020 y 2022; 1 oficina en Murcia de Martínez & Salmerón Abogados SLP, compra 2022; 1 oficina en Murcia de Martínez Salmerón Recupera SL, compra 2020; 3 plazas de garaje en Murcia de Martínez Salmerón Recupera SL, compras de 2021",2026-10-03,"Incluye los inmuebles de sus sociedades que declara en Observaciones (una oficina y una plaza de garaje de Martínez & Salmerón Abogados SLP, y una oficina y tres plazas de garaje de Martínez Salmerón Recupera SL)."
Joaquín Melgarejo Moreno,melgarejo,2023-08-09,8,5,"3 pisos en Alicante, 50% en gananciales, compraventas de 1994, 2002 y 2022; 4 plazas de garaje en Alicante, 50% en gananciales, compraventas de 1994, 2002, 2012 y 2022; 1 vivienda en Murcia, 50% (25% por herencia en 2001 y 25% en gananciales por compraventa en 2023); 1 parcela rústica de secano de 5 ha en Murcia, 50% en gananciales, compraventa 2001; 4 parcelas rústicas pequeñas en Murcia (750, 180, 65 y 900 m²), pleno dominio, herencia 2001",,2026-10-03,
Agustín Conde Bajén,conde bajen,2023-08-01,4,0,"1 vivienda en Toledo (650 m² construidos sobre 7.500 m² de suelo), 50%, compraventa y obra nueva 2007; 1 casa en Toledo (1.507 m² construidos sobre 2.595 m² de suelo), 3,125% (1/32), herencia 1990; 1 solar de 35.650 m² en Toledo, 6,25% (1/16), herencia 1990; 1 solar de 2.231 m² en Toledo, 2,083% (1/48), herencia 1990",,2026-10-03,
Ángel Ibáñez Hernando,ibanez hernando,2023-08-08,7,0,"1 vivienda en Burgos, nuda propiedad en gananciales, compraventa 2003; 1 vivienda en Burgos, nuda propiedad en gananciales, compraventa 2016; 3 plazas de garaje en Burgos, nuda propiedad en gananciales (1 de 2003 y 2 de 2016); 2 trasteros en Burgos, nuda propiedad en gananciales (2003 y 2016)",,2026-10-03,
Roberto García Morís,garcia moris,2023-08-09,4,4,"1 vivienda en Asturias, 25% en multipropiedad, herencia 1990; 1 plaza de garaje en Asturias, 25% en multipropiedad, herencia 1990; 1 apartamento en Asturias, 50% en multipropiedad, herencia 2012; 1 vivienda en Asturias, 50% en multipropiedad, herencia 2015; 1 finca rústica en Asturias, 25% en multipropiedad, herencia 1990; 2 fincas rústicas en Asturias, 50% en multipropiedad, herencia 2012; 1 finca rústica en Asturias, 50% en multipropiedad, herencia 2016",,2026-10-03,"La fila de 2012 dice «fincas rústicas» sin precisar cuántas; se cuentan dos, el mínimo."
Patricia Rodríguez Calleja,rodriguez calleja,2023-08-02,5,0,"1 vivienda en Ávila, pleno dominio, compraventa 2007; 1 plaza de garaje en Ávila, pleno dominio, compraventa 2007; 1 vivienda en Ávila, 33,33% (1/3), herencia 1990; 1 local comercial en Ávila, 33,33% (1/3), herencia 1990; 1 vivienda en Tavernes de la Valldigna (Valencia), 33,33% (1/3), herencia 1990",,2026-10-03,
José María Sánchez García,jose maria sanchez garcia,2023-08-03,12,1,"1 piso en Madrid, 50%, compraventa 1989; 1 piso en Madrid, 100%, compraventa 1998; 1 piso en Madrid, 50%, herencia 2005; 1 estudio en Madrid, 50%, herencia 2005; 1 local comercial en Madrid, 50%, compraventa 1989; 1 local comercial en Madrid, 50%, herencia 2005; 2 plazas de aparcamiento en Madrid, 50%, herencia; 1 plaza de aparcamiento en Madrid, 50%, compraventa; 1 estudio en Alicante, 100% (25% por herencia en 2005 y 75% por liquidación de proindiviso en 2021); 1 piso en A Coruña, 50%, compraventa 2018; 1 casa en A Coruña, 100%, compraventa 2019; 1 finca rústica en Huelva, 100%, compraventa 2013",,2026-10-03,
Rosa María Quintana Carballo,quintana carballo,2023-08-09,18,16,"1 apartamento en Ourense, pleno dominio, herencia 2018; 1 plaza de garaje en Ourense, pleno dominio, herencia 2018; 1 trastero en Ourense, pleno dominio, herencia 2018; 1 casa en Bastavaliños (Brión), pleno dominio, compraventa 1994; 4 apartamentos en Brión, Ribeira, Sanxenxo y Ourense, 50%, compraventas de 2007 (Brión y Ribeira) y 2023 (Sanxenxo y Ourense, en comunidad de bienes); 4 plazas de garaje en Brión, Ribeira, Sanxenxo y Ourense, 50%, mismas compras; 4 trasteros en Brión, Ribeira, Sanxenxo y Ourense, 50%, mismas compras; 1 casa en Pereiro de Alén (Ourense), 50%, compraventa 2023 en comunidad de bienes; 1 casa en Pereiro de Aguiar (Ourense), comunidad de bienes, adjudicación de herencia 2020; 5 fincas rústicas en Pereiro de Aguiar (Regato, Castro, Vales, Devesa y Montiño), comunidad de bienes, adjudicación de herencia en 2020 y 2023; 6 fincas rústicas en Ourense (As Costas, Costado, Tapadas, Amarán, Camiño do Porto y A Ponte), adjudicación de herencia 2018; 5 fincas rústicas en Ourense (O Regato, Castro, Montiño, Presas y Caxenares), pleno dominio, adjudicación de herencia 2018",,2026-10-03,"Incluye dos casas y cinco fincas que declara en Observaciones. Las fincas de Pereiro de Aguiar salen en dos filas, de 2020 y 2023, con los mismos nombres; se cuentan una vez."
María de las Mercedes Cantalapiedra Álvarez,cantalapiedra,2023-08-14,21,1,"16 viviendas en Serrada (Valladolid), 50%, herencia 1990; 1 vivienda en Serrada (Valladolid), 50%, herencia 1990; 1 vivienda en Valladolid, 50%, compraventa 2009; 1 vivienda en Mojados (Valladolid), 10%, herencia 2015; 2 solares en Serrada (Valladolid), 50%, herencia 1990; 1 finca rústica (viñedo) en Serrada (Valladolid), 50%, herencia 1990",,2026-10-03,
Javier Noriega Gómez,noriega,2023-08-07,17,18,"1 vivienda habitual de 120 m² en Santander, 50%, 2005; 1 vivienda de 267 m² en Santander, 16,66%, 1987; 1 apartamento de 71 m² en Santander, 16,66%, 1987; 1 local comercial de 60 m² en Santander, 16,66%, 1987; 5 plazas de garaje en Santander, 16,66%, 1987; 3 trasteros en Santander, 16,66%, 1987; 1 plaza de garaje en Santander, 50% en concesión administrativa, 2008; 1 edificio de 1.379 m² con suelo anexo en Asturias, 15%, 1987; 1 edificio con suelo anexo en Asturias, 16,66%, 1987; 2 solares urbanos en Asturias (27.141 y 8.626 m²), 16,66%, 1987; 18 fincas rústicas en Asturias (178.515 m² en total), 16,66%, 1987",,2026-10-03,
María del Mar Sánchez Sierra,sanchez sierra,2023-08-14,27,10,"1 piso en Madrid, pleno dominio, compraventa 2000; 1 plaza de garaje en Madrid, pleno dominio, compraventa 2000; 2 trasteros en Madrid, pleno dominio, compraventa 2000; 1 vivienda en Santiago de Compostela (A Coruña), pleno dominio, compraventa 2003; 1 plaza de garaje en Santiago de Compostela (A Coruña), pleno dominio, compraventa 2003; 1 trastero en Santiago de Compostela (A Coruña), pleno dominio, compraventa 2003; 2 pisos en A Coruña (81,40 y 63,77 m²), 25% en comunidad de bienes, pacto sucesorio de mejora 2020; 5 plazas de garaje en A Coruña, 25% en comunidad de bienes, pacto sucesorio de mejora 2020; 1 casa de 217 m² en Cacabelos (León), 25% en comunidad de bienes, pacto sucesorio de mejora 2020; 3 locales comerciales en A Coruña (323, 115 y 113 m²), 25% en comunidad de bienes, pacto sucesorio de mejora 2020; 2 oficinas de 64 m² en A Coruña, 25% en comunidad de bienes, pacto sucesorio de mejora 2020; 3 naves industriales (505 y 450 m² en El Temple, Cambre, y 1.165,50 m² en A Coruña), 25% en comunidad de bienes, pacto sucesorio de mejora 2020; 1 almacén de 312 m² en Cacabelos (León), 25% en comunidad de bienes, pacto sucesorio de mejora 2020; 1 terreno urbano de 2.865 m² en Cacabelos (León), 25% en comunidad de bienes, pacto sucesorio de mejora 2020; 2 fincas urbanas en Cambre (A Coruña), 25% en comunidad de bienes, pacto sucesorio de mejora 2020; 10 fincas rústicas en A Coruña (8 en Laracha, 1 en Miño y 1 en Cambre), 25% en comunidad de bienes, pacto sucesorio de mejora 2020",,2026-10-03,"El 25% de la comunidad de bienes recibida por pacto sucesorio en 2020 lo declara en el apartado de sociedades, comunidades o entidades (y sigue en Observaciones); se cuenta como suyo al 25%. El piso de 63,77 m² y la nave de 450 m² aparecen dos veces y se cuentan una. El local de 323 m² no indica cuota; se toma el 25% del resto de la comunidad."
Andrés Alberto Rodríguez Almeida,rodriguez almeida,2023-08-10,5,0,"1 vivienda en Las Palmas, pleno dominio, compraventa 2003; 3 plazas de aparcamiento en Las Palmas, pleno dominio, compraventa 2003; 1 trastero en Las Palmas, pleno dominio, compraventa 2002","12 locales comerciales en Las Palmas, compraventas de 2001 (10) y 2006 (2); 2 plazas de aparcamiento en Las Palmas, compraventas de 2006",2026-10-03,
Javier José Folch Blanc,folch,2023-08-04,21,2,"2 pisos en Huesca, 25%, herencia 2022; 2 trasteros en Huesca, 25%, herencia 2022; 1 piso ático en Huesca, 50%, compraventa 1993; 2 locales comerciales en Huesca, 50%, donación 1999; 2 pisos en Huesca, 100%, herencia 2022; 1 local comercial en Huesca, 100%, herencia 2022; 1 piso en Huesca, 100%, permuta 2010; 1 plaza de aparcamiento en Huesca, 100%, permuta 2010; 1 trastero en Huesca, 100%, permuta 2010; 1 piso en Huesca, 50%, compraventa 2012; 1 plaza de aparcamiento en Huesca, 50%, compraventa 2012; 1 trastero en Huesca, 50%, compraventa 2012; 1 piso en Barcelona, 50%, compraventa 2017; 3 plazas de aparcamiento en Barcelona, 50%, compraventas de 2017, 2018 y 2021; 1 trastero en Barcelona, 50%, compraventa 2017; 2 fincas rústicas de regadío en Huesca, 50% (una por donación en 2013 y otra por herencia en 2022)",,2026-10-03,
Manuel Cobo Vega,cobo vega,2023-08-16,14,18,"1 vivienda en Madrid, 50%, 2017; 2 plazas de garaje en Madrid, 50% (2017 y 2021); 1 nave industrial en Madrid, 25%, herencia 2021; 1 vivienda en Madrid, 25%, 2011; 1 vivienda en Almería, 50%, 2011; 1 casa en León, 25%, herencia 2008; 1 local en Madrid, 25%, herencia 2021; 2 plazas de garaje en Almería, 50%, 2012; 4 fincas urbanas en León, 25%, herencia 2021; 13 fincas rústicas en León, 25%, herencia 2021; 5 fincas rústicas en Madrid, 25%, herencia 2021","3 locales de oficinas en un polígono industrial de Madrid, de Grucoca Inmobiliaria S.L. (12,48%, herencia 2008); 1 local de garaje en un polígono industrial de Madrid, de Grucoca Inmobiliaria S.L. (12,48%, herencia 2008); 1 local comercial en un polígono industrial de Madrid, de Grucoca Inmobiliaria S.L. (12,48%, herencia 2008); 2 viviendas en un polígono industrial de Madrid, de Grucoca Inmobiliaria S.L. (12,48%, herencia 2008); 1 nave industrial en Madrid, de Grucoca Inmobiliaria S.L. (12,48%, herencia 2008); 8 fincas rústicas en Madrid, de Grucoca Inmobiliaria S.L. (12,48%, herencia 2008); 2 naves industriales en Madrid, de Estaciones y Arrendamientos S.A. (12,5%)",2026-10-03,"En los bienes de sociedades, el porcentaje es su participación en la sociedad."
Néstor Rego Candamil,rego candamil,2023-08-10,4,54,"1 vivienda en A Coruña, 100% (50% en 2003 y 50% en 2020), autoconstrucción y compra; 1 vivienda en Lugo, nuda propiedad, 25% proindiviso, herencia 2007; 2 viviendas en Lugo, nuda propiedad, 50% proindiviso, herencia 2007; 52 parcelas rústicas de monte o cultivo en Lugo, nuda propiedad, 50% proindiviso, herencia 2007; 2 fincas rústicas en Lugo, nuda propiedad, 25% proindiviso, herencia 2007",,2026-10-03,
