partido,ejercicio,opinion,salvedades,limitacion_alcance,fuente_url,pagina,formacion,nota,nota_url
bildu,2020,con_salvedades,3,si,https://www.tcu.es/export/sites/portal/repositorio2/INFORME/2024/I1573.pdf,140,,,
bng,2020,con_salvedades,1,no,https://www.tcu.es/export/sites/portal/repositorio2/INFORME/2024/I1573.pdf,44,,,
cc,2020,favorable,0,no,https://www.tcu.es/export/sites/portal/repositorio2/INFORME/2024/I1573.pdf,116,,,
compromis,2020,favorable,0,no,https://www.tcu.es/export/sites/portal/repositorio2/INFORME/2024/I1573.pdf,103,,,
erc,2020,con_salvedades,2,no,https://www.tcu.es/export/sites/portal/repositorio2/INFORME/2024/I1573.pdf,128,,,
sumar,2020,desfavorable,2,no,https://www.tcu.es/export/sites/portal/repositorio2/INFORME/2024/I1573.pdf,201,Más Madrid,"En las conclusiones y en el gráfico 2 del informe, el Tribunal no la cuenta entre las tres desfavorables (CUP, IU y Nueva Canarias), sino entre las favorables con salvedades (pp. 393 y 432).",https://www.tcu.es/export/sites/portal/repositorio2/INFORME/2024/I1573.pdf
pnv,2020,con_salvedades,1,si,https://www.tcu.es/export/sites/portal/repositorio2/INFORME/2024/I1573.pdf,232,,,
podemos,2020,con_salvedades,1,no,https://www.tcu.es/export/sites/portal/repositorio2/INFORME/2024/I1573.pdf,326,,,
pp,2020,favorable,0,no,https://www.tcu.es/export/sites/portal/repositorio2/INFORME/2024/I1573.pdf,246,,,
psoe,2020,con_salvedades,3,si,https://www.tcu.es/export/sites/portal/repositorio2/INFORME/2024/I1573.pdf,278,,,
upn,2020,con_salvedades,1,no,https://www.tcu.es/export/sites/portal/repositorio2/INFORME/2024/I1573.pdf,349,,,
vox,2020,con_salvedades,3,no,https://www.tcu.es/export/sites/portal/repositorio2/INFORME/2024/I1573.pdf,370,,,
sumar,2020,desfavorable,6,si,https://www.tcu.es/export/sites/portal/repositorio2/INFORME/2024/I1573.pdf,173,Izquierda Unida,"Corregidos sus errores, su patrimonio negativo pasaría de 146.377,51 € a 1.108.956,50 € (p. 185).",https://www.tcu.es/export/sites/portal/repositorio2/INFORME/2024/I1573.pdf
sumar,2020,con_salvedades,2,no,https://www.tcu.es/export/sites/portal/repositorio2/INFORME/2024/I1573.pdf,75,Catalunya en Comú,,
sumar,2020,con_salvedades,1,no,https://www.tcu.es/export/sites/portal/repositorio2/INFORME/2024/I1573.pdf,29,Barcelona en Comú,,
psoe,2020,con_salvedades,1,no,https://www.tcu.es/export/sites/portal/repositorio2/INFORME/2024/I1573.pdf,302,Partit dels Socialistes de Catalunya,,
